title,link,date_added
Skip to main,"https://www.adecco.com/sv-se/lediga-jobb?jobLocation=Stockholm,+Sweden&lat=59.3327036&lng=18.0656255&radius=20#main",19/06/25
![Image 1,https://www.adecco.com/-/media/project/adecco/adeccoco/home-logo.svg?iar=0&hash=603178D15AC33FF41C5031BD23BC0DE8,19/06/25
SPARADE JOBB,"https://www.adecco.com/sv-se/saved-jobs ""SPARADE JOBB""",19/06/25
![Image 2,https://www.adecco.com/-/media/project/adecco/global/wfs/logos/footerlogo/logo.svg?iar=0&hash=DFEDA63E47A4969D573AF2740B518545,19/06/25
Lediga jobb,https://www.adecco.com/sv-se/lediga-jobb,19/06/25
Registrera CV,https://www.adecco.com/sv-se/registrera-cv,19/06/25
Att vara konsult,https://www.adecco.com/sv-se/jobba-som-konsult,19/06/25
Rekryteringsprocessen,https://www.adecco.com/sv-se/rekryteringsprocessen,19/06/25
Karriärtips,https://www.adecco.com/sv-se/artiklar/karri%C3%A4rtips,19/06/25
Konsultberättelser,https://www.adecco.com/sv-se/konsultberattelser,19/06/25
Våra tjänster,https://www.adecco.com/sv-se/foretag,19/06/25
Rekrytering,https://www.adecco.com/sv-se/foretag/rekrytering,19/06/25
Bemanning,"https://www.adecco.com/sv-se/foretag/bemanning ""Bemanning""",19/06/25
Onsite,https://www.adecco.com/sv-se/foretag/onsite,19/06/25
Outsourcing,https://www.adecco.com/sv-se/foretag/outsourcing,19/06/25
Digital synlighet,https://www.adecco.com/sv-se/foretag/digital-synlighet,19/06/25
Hållbarhetsarbete,https://www.adecco.com/sv-se/foretag/hallbarhetsarbete,19/06/25
Offertförfrågan,https://www.adecco.com/sv-se/foretag/kontakta-oss,19/06/25
Hitta kontor,https://www.adecco.com/sv-se/hitta-kontor,19/06/25
Integritetspolicy för kandidater,https://www.adecco.com/sv-se/integritetspolicy-for-kandidater,19/06/25
"INTEGRITETSPOLICY FÖR KOLLEGOR, KONSULTER OCH UPPDRAGSTAGARE","https://www.adecco.com/sv-se/integritetspolicy-f%C3%B6r-kollegor,-konsulter-och-uppdragstagare",19/06/25
Kollektivavtal,https://www.adecco.com/sv-se/kollektivavtal,19/06/25
Affärsvillkor,https://www.adecco.com/sv-se/affarsvillkor,19/06/25
ANVÄNDARVILLKOR FÖR WEBBPLATSEN,"https://www.adecco.com/sv-se/anvandarvillkor ""ANVÄNDARVILLKOR FÖR WEBBPLATSEN	-link""",19/06/25
INTEGRITETSPOLICY FÖR WEBBPLATSEN,"https://www.adecco.com/sv-se/integritetspolicy ""INTEGRITETSPOLICY FÖR WEBBPLATSEN	-link""",19/06/25
KAKPOLICY,"https://www.adecco.com/sv-se/cookie-policy ""KAKPOLICY-link""",19/06/25
SÄKERHET & PHISHING,"https://www.adecco.com/sv-se/sakerhet-och-phishing ""SÄKERHET & PHISHING	-link""",19/06/25
![Image 3,https://www.adecco.com/-/media/project/adecco/adeccoca/wfs/socialicons/social-share-icons/social-share-icons/icon-instagram-dark.png?h=25&iar=0&w=25&hash=A82847837CAEF828E6B9FB517A1E8423,19/06/25
![Image 4,https://www.adecco.com/-/media/project/adecco/adeccoca/wfs/socialicons/social-share-icons/icon-facebook-dark.png?h=25&iar=0&w=25&hash=8BA165D73DF3FAE6891AF1D0B0DD7ADF,19/06/25
![Image 5,https://www.adecco.com/-/media/project/adecco/adeccoca/wfs/socialicons/social-share-icons/social-share-icons/icon-linkedin-dark.png?h=25&iar=0&w=25&hash=A9E77A9878421A1FC14F233CB6C154D7,19/06/25
